id,combined_text
20099,women kurtas green diva women embroided green kurta
42841,women handbags beige french connection women beige handbag
22198,men casual shoes black timberland men black casual shoes
34835,men sports shoes blue adidas men blue chill sports shoes
7193,women jeans black jealous 21 women black jegging
3533,men tshirts navy blue myntra mens if you dont like navy blue tshirt
26163,men trousers grey john miller men dark grey trousers
57100,women tops pink elle women dark pink top
27879,women tops blue scullers for her women blue top
43500,men tshirts white french connection men white tshirt
2627,women flats silver carlton london women wedge silver sandal
33021,women kurtas cream mother earth women printed cream kurta
46278,women tunics red 109f women red white striped tunic
36933,women perfume and body mist purple bulgari women omnia perfume
26993,women jeans blue jealous 21 women washed blue jeans
42846,women handbags multi french connection women multi stripe hand bag
43735,women bangle gold royal diadem set of 2 golden bangles
10406,women dresses grey united colors of benetton women solid grey dresses
23624,girls tops white doodle kids girls white i love shopping top
31785,women tops navy blue lee women katie navy blue top
11971,men sports shoes white fila men glow white sports shoes
7169,men shirts blue scullers men scul navy blue shirt
48320,women bracelet silver pitaraa silver omelette thin bracelet
9651,men shirts green indigo nation men checks green shirts
59636,women sarees sea green fnf sea green collection for wedding sari
49837,women flip flops blue ipanema women blue flip flops
5265,unisex messenger bag black wildcraft unisex black red messenger bag
34007,girls tops pink gini and jony girls pink top
47501,unisex casual shoes red footfun kids unisex red shoes
30037,men watches silver skagen denmark men silvertoned dial watch 233lss
20893,men casual shoes black basics men black casual shoes
57109,women tunics blue elle women blue tunic
12199,men tshirts blue basics men blue polo tshirt
52823,women earrings green adrika green earrings
29780,men trousers black basics men black trousers
48585,women bracelet silver lucera women silver bracelet
32767,men shirts white john miller men striped white shirt
12704,men sports shoes grey nike men air relentness grey sports shoes
5050,men casual shoes black fila mens passion black red canvas shoe
44377,men deodorant grey jovan men white musk deo
55037,women lipstick brown lakme absolute matte bitter chocolate lipstick 53
19318,unisex backpacks blue nike unisex classic base blue backpack
14037,men shirts blue flying machine men check blue shirts
59457,women ring silver lucera silver ring
55438,women lipstick pink revlon mauve colorburst lipstick 005
20205,men sweatshirts grey wrangler men flock print grey sweatshirt
36360,men ties gold reid taylor men gold tie
34053,boys capris yellow gini and jony boys yellow 34 length pants
11126,women track pants blue urban yoga women solid blue track pants
37074,women handbags black lino perros women black handbag
12101,women kurtas pink w women printed pink kurtas
5493,men tshirts grey mrmen mens cool soft grey tshirt
40119,women tshirts orange adidas women orange tshirt
59662,women sarees multi fnf multi colour evening wear sari
7134,men track pants navy blue urban yoga men bottom navy yoga pants
20001,men tshirts green united colors of benetton men printed green tshirt
2674,men tshirts black inkfruit mens state trance black tshirt
29944,men watches black police men black dial watch pl13088js02
45234,men watches black casio youth series men analogdigital watch aw801avdfad84
28061,men briefs grey melange jockey elance men pack of two grey briefs 1010
57508,men sandals brown lee cooper men brown sandals
24832,unisex backpacks blue wildcraft unisex blue black backpack
59654,women sarees purple fnf purple evening wear sari
45001,men watches grey maxima men black digital watch
26553,men casual shoes blue id men blue shoes
2687,women tshirts orange inkfruit womens love wood orange tshirt
23677,men sandals brown red tape men cross band brown sandals
36507,women handbags grey united colors of benetton women grey bag
27475,women bra white jockey women white essence bra 2001
32508,men sandals brown franco leone men brown sandals
59237,men watches black titan men black dial watch
21188,men flip flops black adidas men adi stars tread black flip flops
57108,women tops white elle women white top
3399,women handbags yellow murcia women yellow handbag
16960,men sunglasses black image men classic eyewear black sunglasses
45861,women kurtas maroon vishudh women maroon kurta
10409,men tshirts green united colors of benetton men green polo tshirts
48789,women pendant silver lucera women silver pendant
41260,men wallets brown arrow men brown wallet
46879,men socks green lino perros men pack of 2 socks
34465,unisex backpacks black adidas unisex black bp tone backpack
13849,men shirts white indigo nation men check white shirts
32766,men shirts white john miller men striped white shirt
26968,women tops purple jealous 21 women check purple top
3352,men tshirts yellow myntra mens i am not lazy yellow tshirt
26530,men casual shoes purple gas men aishley greyish purple casual shoes
56029,women lipstick maroon colorbar soft touch coral crush lipstick 022
39184,women kurtas multi aneri women multi coloured kurta
49697,men ties red park avenue men red tie
2628,women flats gold carlton london women four strapped gold sandal
56640,women tunics blue mumbai slang women multi coloured tunic
21376,men tshirts green manchester united men printed green tshirt
53590,women watches white qq women white dial watch
14065,men tshirts white flying machine men stripes white polo tshirts
43154,women watches purple fastrack women purple dial watch
48125,women belts multi fossil women multi coloured ombre braid belt
6275,women tshirts pink ucb womens crystal benetton pink tshirt
47536,women flats black portia women black flats
56444,women nail polish red streetwear shine divine cherry divine nail enamel 16
42276,men casual shoes navy blue vans men navy blue michoacan shoes
23241,women kurtis blue aneri women juhi blue kurti
57768,women mask and peel white lotus herbals tea tree clarifying face pack
49494,men casual shoes navy blue vans men navy blue shoes
50324,women kurtas peach aurelia women peach kurta
25145,women handbags beige lino perros women beige handbag
51692,men sunglasses grey louis philippe men oversized sunglasses lp226c1
7730,men sandals black puma men apex black olive sandal
53131,women heels gold catwalk women gold toned brown flats
53303,men tshirts red locomotive men red tshirt
55490,women lip gloss rose revlon rose gold colorburst lip gloss 026
4327,unisex tshirts blue tantra kids unisex cute mom turqoise kidswear
18296,women kurtas pink aneri women ekta pink kurta
21770,men belts black fossil men kyle black belt
35142,women handbags black allen solly woman black clutch
39549,women handbags green hidekraft women green handbag
11111,men shirts white indigo nation men check white shirts
58926,women handbags multi ivory tag multi coloured vintage patched handbag
48343,women necklace and chains gold pitaraa golden fish scale necklace
9064,men shirts blue mark taylor men blue striped shirt
27028,women capris blue jealous 21 women blue capris
7593,men sports shoes white nike men zoom vapor 8 white red shoe
46016,women kurtas white fabindia women white printed kurta
8977,women casual shoes black puma women saba ballet dc3 black casual shoes
26597,men sports shoes black puma men faas 300 black sports shoes
48523,women jumpsuit magenta french connection women magenta playsuit
52871,women deodorant blue f5 women pack of 3 deos
22554,unisex deodorant silver reebok unisex reekick deo
4775,women track pants black adidas women 3s black track pants
54520,men casual shoes white f sports men white vito shoes
3306,men sports shoes white asics mens gel phoenix 3 running white black shoe
42213,women tops orange sepia women orange top
39781,men shirts white peter england men striped white formal shirt
38237,unisex sunglasses brown polaroid unisex sunglasses
6821,men sandals brown timberland men city brown floater
53822,women tunics black ayaanaywomennew2013tunicssizechartjpg
11294,men jeans blue wrangler men blue floyd jeans
35465,men casual shoes blue franco leone men blue shoes
47045,women salwar green shree women green purple jodhpuri salwar
5721,men tshirts blue basics men blue white striped polo tshirt
33766,men casual shoes blue adidas neo men court evo blue shoes
25603,men watches black fastrack men black casual watch
22846,men casual shoes khaki woodland men khaki casual shoes
3889,men tshirts red wrangler mens racing big print red tshirt
13366,women casual shoes brown timberland women femmes brown casual shoes
26075,men shirts blue john miller men striped blue shirt
24948,women tshirts black united colors of benetton women black tshirt
26088,men shirts purple john miller men striped purple shirt
38380,men belts black peter england men black belt
13995,women jackets blue nike women solid blue jackets
35692,men casual shoes white us polo assn men white shoes
27733,women handbags grey murcia women grey handbag
55783,men casual shoes brown converse men brown casual shoes
20186,men shirts blue wrangler men tony check blue shirt
6159,men tshirts black lee mens slash black tshirt
58262,women clutches bronze baggit women bronze clutch
6991,men tshirts white soliver mens polo grey collar white tshirt
48209,men sunglasses black united colors of benetton men black sunglasses
57685,women body lotion yellow lotus herbals almond nourish body lotion with spf 20
22074,women kurtas black vishudh women printed black kurta
12285,men trousers black genesis men solid black trousers
5585,men sports shoes white adidas mens barricade 60 white grey shoe
12017,men shirts purple mark taylor men purple white striped shirts
23334,women tunics maroon w women maroon printed tunic
46565,men watches white timex expedition men white dial watch t49824
22020,women kurtas green vishudh women printed green kurta
57625,unisex sunscreen orange lotus herbals kids sun block cream
44656,women shirts blue lee women blue shirt
58494,women dresses purple tonga women purple dress
6931,men tshirts red soliver mens eastern state university red tshirt
47018,women kurtas mustard shree women mustard black kurta
58004,women tops pink latin quarters women pink black top
14313,men tshirts blue adidas men solid blue jerseys
44007,men deodorant gold police men gold wings deo
35632,men flip flops black gliders by liberty men red black econew flipflops
40008,men sunglasses blue park avenue men blue frame sunglasses
16016,men scarves white turtle check men white scarf
25462,men sports shoes white nike men dart 9 msl white sports shoes
53416,women kurtas navy blue alma women navy blue printed kurta
12214,men trousers black basics men black trousers
58035,women earrings silver rreverie women silver earrings
48405,men tshirts grey french connection men grey printed tshirt
53429,women kurtas red alma women red printed kurta
27590,men tshirts blue scullers men white blue tshirt
4461,men jackets black nike men manu show time black jacket
9970,men sweatshirts black nike men as squad ft c black sweatshirts
2306,women capris black nike women cuffed black capris
29297,women tshirts black wrangler women birdy tee black tshirt
25439,men wallets brown lee men fashion brown wallet
14970,men wallets black newhide authentic wallet
37598,boys tshirts blue madagascar3 boys blue printed tshirt
23508,unisex watches black adidas unisex black dial watch
13500,men tshirts grey chimp men vvvip grey tshirts
57442,women tshirts pink angry birds women pink tshirt
58638,men socks grey fila men grey ankle socks
49920,women sarees green fabindia green tie dye ghicha striped saree
24520,women kurtas orange mother earth women orange kurta
17154,men jackets navy blue us polo assn men solid navy blue jacket
6399,men sandals black lotto men rebel black grey floater
27369,men tshirts blue tantra men hippy blue tshirt
31233,men tshirts white puma men navy blue and white striped polo neck tshirt
46153,women necklace and chains brown adrika brown necklace
11062,men shirts maroon john miller men solid light maroon shirts
34325,men tshirts red myntra men street moving fusion red tshirt
9545,men tshirts grey nike men grey tshirt
29231,women flats black puma women black grace flats
28125,men briefs black jockey modern classic men black brief 8035
8463,women tops pink jealous 21 women jealous paiva pink tops
15400,men sports shoes white fila men fila runner white sports shoes
11054,men shirts blue scullers men check blue shirts
14526,men shirts blue mark taylor men aqua blue white grey striped shirt
25857,men casual shoes black skechers men black casual shoes
38182,women sunglasses black miami blues women sunglasses
54834,women handbags brown ivory tag dazzling rossete brown sling bag
9770,men tracksuits black adidas men ess 3s suit black tracksuits
25602,women kurta sets green vishudh women green purple churidar kurta with dupatta
16420,men tshirts white levis men stripes white tshirts
8669,unisex sunglasses green fastrack unisex green sunglasses
51777,women bra blue bwitch blue bra
26625,men sports sandals black puma men black jiff ii ind sports sandals
23165,men tshirts black mark taylor men black printed tshirt
56136,women eyeshadow blue colorbar aquamarine eye shadow 007
54661,women watches red fastrack women white dial watch
5122,women tshirts peach wrangler womens striped peach tshirt
53622,men watches black qq men black watch
6308,women heels white catwalk white footwear flats
59571,men cufflinks steel revv men purple cufflinks
28986,women kurta sets orange biba outlet women orange white printed churidar kurta with dupatta
41770,women dresses pink remanika women printed pink dress
29057,men tracksuits black adidas men black tracksuit
35098,women stoles orange allen solly women coral stole
23564,women deodorant pink hugo boss women femme deo
3446,men tshirts black pune warriors mens match jersey
7220,men formal shoes brown rockport mens mubleno distressed brown shoe
55173,women nail polish red lakme absolute fast fabulous crimson fire nail polish 24
27761,men wallets black bulchee men black wallet
17590,unisex sunglasses black speedo unisex funky eyewear black sunglasses
51143,men socks white parx men white socks
4032,men tshirts black myntra mens id love to help you out black tshirt
32849,women heels brown grendha women roamance brown flats
40455,men casual shoes black red tape men black shoes
12472,men formal shoes black clarks men leather black formal shoes
27795,men wallets brown bulchee men brown wallet
58495,women tops white tonga women printed white top
7008,men tshirts green classic polo mens green red stripe tshirt
33515,women heels tan cobblerz women tan brown pumps
34398,men tshirts black myntra men rider black tshirt
32434,men tshirts navy blue adidas men navy blue polo tshirt
6740,women sports shoes grey nike women air pegasus 28 grey white pink shoe
17317,men sunglasses brown pepe jeans men casual sunglasses
20595,women wallets brown baggit women lallu jhuti brown wallet
7666,men tshirts blue puma mens silly point blue tshirt
43457,women kurtis blue global desi women blue tunic
44811,women tops pink spykar women pink top
30731,girls salwar magenta fabindia girls printed magenta salwar
4445,men sports shoes black nike mens dual fusion black red shoe
51150,men socks black parx men black socks
36056,unisex messenger bag mustard otls unisex mustard brown messenger bag
33524,women casual shoes red cobblerz women red shoes
33140,boys tshirts navy blue gini and jony boys printed navy blue tshirt
32862,unisex backpacks grey wildcraft unisex grey pink backpack
14557,men casual shoes black vans men chukka low black casual shoes
16200,men tshirts grey puma men polo grey tshirt
11673,men shirts red lee men red check shirt
17570,men shirts green mark taylor men green white striped shirt
4670,unisex backpacks navy blue adidas bp 3s dark navy black unisex backpack
51701,unisex sunglasses purple van heusen unisex purple sunglasses
56584,women highlighter and blush skin streetwear crystal ivory shine face brightener
22637,boys tshirts black nike kids boys printed black tshirt
47092,boys casual shoes blue marvel boys blue shoes
10533,men sports shoes black new balance mw631 men others walking black sports shoes
23147,women sweatshirts black quechua women fleece black sweatshirt
32032,men socks grey playboy men pack of 3 anklelength socks
35025,women stoles mustard fabindia women mustard chanderi hand printed stole
4411,men tshirts grey beatles mens the beatles brick road grey violet tshirt
5361,men sports shoes black kipsta f300 fg sr ah09
9103,men flip flops tan provogue men ean tan flip flops
45963,women tops pink tokyo talkies women light pink printed top
41739,women heels silver catwalk women silver heels
34558,women handbags black puma women fitness black handbag
47265,men briefs black fcuk underwear men black striped brief
10730,women handbags grey murcia women lorra grey grey handbags
25047,men accessory gift set blue lino perros men formal blue accessory gift set
25275,women handbags red lino perros women leatherette red handbag
46515,men watches purple timex men purple dial watch t23222
43631,women shirts green vero moda women green shirt
25423,men sports shoes black nike men air profusion black sports shoes
36034,men belts brown otls men brown black reversible leather belt
35810,women heels bronze enroute women bronze flats
11629,women kurtas white w women stripe white kurtas
15289,women sports shoes silver fila women dls spry silver sports shoes
57458,women clutches pink pitaraa women pink clutch
2347,men tshirts white reebok men white contrasts tshirt
42146,women casual shoes white nike women white sweet classic leather shoes
25888,unisex backpacks blue american tourister unisex casual blue bag
24730,women tshirts white united colors of benetton women white printed tshirt
55595,men shirts white peter england men brown check shirt
39612,women heels silver catwalk women silver heels
13179,men sports shoes black fila men dls maxim black sports shoes
19685,women tops grey united colors of benetton women printed grey top
35048,women kurtas green fabindia women silk green kurta
17318,women sunglasses black pepe jeans women casual sunglasses
32609,men wallets brown levitate men brown wallet
58222,women jeans blue vero moda women blue denim jeans
43493,men tshirts green french connection men green tshirt
4215,girls tshirts white disney kids girls white fun in the fair kidswear
20909,women heels bronze catwalk women casual bronze heels
43467,women night suits blue sdl by sweet dreams women blue night suits
31047,men shirts blue arrow sport men blue striped shirt
25827,women kurtas silver diva women printed beige kurta
28704,women kurtas lavender w women printed lavender kurta
47239,men casual shoes red playboy men red shoes
36265,women night suits blue sdl by sweet dreams women blue playsuit
44221,men tshirts white nike men white ronaldo football tshirt
6777,men shirts brown timberland men claremont popl brown shirt
23743,women sunglasses brown rayban women highstreet sunglasses
12838,unisex tshirts white ant unisex bebo white tshirts
40688,men formal shoes black numero uno men black formal shoes
54618,men briefs grey jockey mc men grey rio brief 8033
6587,men tshirts black inkfruit mens rock the cure black tshirt
5766,women jeans black jealous 21 women black jegging
15673,men jeans blue highlander men high original blue jeans
20594,women wallets purple baggit women kungfu baby purple wallet
33987,women scarves purple femella women check purple scarf
19240,men shorts blue puma men dazzle blue shorts
22459,women leggings purple myntra women purple leggings
21673,men watches silver fossil men silvertoned chronograph watch ch2646
51160,men socks black raymond men black socks
44210,women flip flops purple ipanema women purple flip flops
4879,men tshirts white levis kids boys devon white kidswear
8688,men sunglasses black fastrack men basics black sunglasses
48825,women pendant silver lucera women silver pendant
18756,women shirts blue arrow woman kiro blue shirt
11845,men flip flops brown playboy men brown flip flops
25842,women kurtas multi diva women printed multi coloured kurta
57208,women jeggings blue kraus jeans women blue jeggings
11041,men shirts purple scullers men purple check shirt
19822,men sweaters charcoal us polo assn men solid charcoal sweater
25610,women watches black fastrack women black white dial watch n2161sl09
19648,women tops brown united colors of benetton women solid light brown top
46184,women jewellery set green adrika green teracotta jewellery set
32839,women heels brown grendha women jola cigana brown flats
56540,women lipstick brown streetwear satin smooth candy treat lipcolor 17
8476,women tops pink scullers for her women pink check top pink tops
2970,men tshirts white puma mens white tshirt
34937,women dupatta yellow fabindia yellow dupatta
49597,women heels brown catwalk women brown flats
19683,women tshirts pink united colors of benetton women printed pink tshirt
39284,men sandals khaki red chief men khaki sandals
55551,women kajal and eyeliner black revlon colorstay sparkling black eye liner
16060,men trousers beige highlander men solid beige trouser
26265,men tshirts maroon proline men maroon polo tshirt
47252,men briefs black fcuk underwear men black brief
3635,unisex sports shoes white puma unisex white speeder sports shoes
16897,women sunglasses brown police women casual brown sunglasses
56571,women foundation and primer skin streetwear stay on mineral toast foundation
22252,men casual shoes blue id men blue casual shoes
13727,women sports shoes silver adidas women silver adi primo sports shoe
37780,men shirts green john players men bright striped shirt
19679,women tops black united colors of benetton women solid black top
58249,women wallets brown baggit women brown wallet
28591,men belts brown peter england men leather brown belt
9337,men tshirts yellow puma men heroes graphic yellow tshirts
46468,men watches black timex men black dial watch
16916,men sweaters white spykar men stripes white sweaters
7925,men tshirts navy blue proline men navy polo tshirt
5488,men tshirts maroon mrmen mens must sleep mulberry tshirt
31996,men socks white playboy men white socks
34880,women handbags blue envirosax women blue bag
7589,men sports shoes red nike men 5 street g red shoe
49847,men watches black qq men black watch
13231,men shorts blue palm tree kids boys washed blue shorts
5443,women tshirts orange nike womens striped polo orange tshirt
19539,men sweaters black united colors of benetton men solid black sweater
35397,men formal shoes black stens by enroute men black formal shoes
15764,men innerwear vests blue facit men hunk blue innerwear vest
7784,men tshirts black proline men black polo tshirt
40754,women flip flops white roxy women white flip flops
56255,men night suits black sdl by sweet dreams men black grey pyjama set
10820,men shirts navy blue wrangler men city work navy blue shirts
56863,women heels brown hm women brown heels
45645,men briefs black park avenue men black swank briefs
51621,women watches white fossil women white dial watch es3069
56094,women lip gloss purple colorbar star wine me lip gloss 013
49623,women heels beige catwalk women beige heels
39302,men casual shoes brown red chief men brown casual shoes
53372,unisex backpacks red puma unisex red ferrari backpack
3771,men tshirts green status quo mens green polo tshirt
22775,women kurtas white biba women printed white kurta
14025,men shorts grey nike men solid grey shorts
57514,men casual shoes brown provogue men brown casual shoes
8731,men shirts green indigo nation men plain shirt green shirts
28613,men sports shoes grey nike men air max tailwind grey sports shoes
20441,unisex casual shoes green disney kidsunisex pooh steps green shoes
10476,men shirts pink flying machine men ydc pink shirts
29960,men sunglasses copper cat men metal sunglasses
17297,men socks black puma men pack of 3 sports socks
51476,men jeans blue denizen men blue jeans
14049,men shirts blue flying machine men washed blue shirts
49670,men sunglasses white united colors of benetton men sunglass
57578,women lipstick brown lotus herbals pure colours rose wood lipstick 641
28475,women kurtas blue urban yoga women printed blue kurta
26729,men tshirts black puma men sunbleach black tshirt
11193,men watches white carrera men steel dial frame dial white watches
59876,women dresses multi femella women black printed dress
22721,men casual shoes brown nike men brown flyclave ltr casual shoe
6091,women tshirts pink ucb womens racerback print pink tshirt
30680,men sunglasses black park avenue men black sunglasses
21953,women handbags purple murcia women casual purple handbag
5841,men tshirts red adidas mens m5 red tshirt
31790,women tshirts pink lee women dora pink tshirt
40535,women watches white titan women white dial watch
11363,men tshirts black united colors of benetton men solid black tshirt
13262,women jeans blue palm tree kids girl washed blue jeans
58539,men sunglasses black miami blues men sunglasses
44965,men free gifts white maxima men white dial watch
49010,women ring silver lucera women silver ring
59282,unisex watches black titan him her black watches
57916,men socks white fruit of the loom men pack of three socks
4358,men tshirts green dc comics mens comics affliction olive tshirt
9675,men tshirts white adidas men white polo tshirts
13239,men tshirts brown palm tree kids boys printed brown tshirts
30289,men sunglasses black speedo men sheet sunglasses
25790,men suspenders red arrow men red suspenders
43582,boys shirts white gini and jony boys white check shirt
50505,men briefs red chromozome men red striped brief
57344,women bra purple amante purple brabgdi03
33601,men tshirts white arrow men striped white tshirt
22541,men sports shoes white lotto kidsboy jumper white sports shoes
34844,men sandals black adidas men adizero black sandals
30048,women watches white skagen denmark women white dial watch 589sss
55887,women nail polish peach colorbar exclusive nail lacquer 20
34423,men tshirts orange myntra men royal yellow tshirt
8962,men casual shoes black numero uno men black canvas shoe
10226,women handbags black murcia women rubena black handbags
10014,unisex caps blue nike unisex feather lite blue caps
4555,men sports shoes white nike mens tennis white green shoe
9078,men track pants black adidas men crkt col pant black trackpant
57185,women tunics green elle women green tunic
9085,men casual shoes grey buckaroo men grey shoes
4138,women casual shoes black skechers women black pink shoes
13653,men casual shoes brown adidas brown agora lea casual shoe
16745,women clutches grey spice art women zircons grey clutch
3574,women casual shoes black adidas women black outdoor shoe
6462,men casual shoes black lotto mens leisure black shoe
10022,men tshirts blue nike men blue polo tshirts
8998,men casual shoes black puma men contest hi black casual shoes
14688,men trousers beige basics men beige trousers
37638,men accessory gift set tan wills lifestyle men leather accessory gift set
34881,women handbags multi envirosax women multi coloured bag
6657,women flip flops brown nike womens butterfly thong brown flip flop
45829,women heels brown senorita women brown flats
9049,men sports shoes white adidas men tip off 2 white sports shoes
13002,women heels red inc 5 women casual red flats
55425,women lipstick pink revlon moisture stay nutty lipstick 32
34412,men tshirts black myntra men black printed tshirt
13466,men tshirts blue united colors of benetton men stripes blue tshirts
7341,men tshirts brown tantra men brown tshirt
22147,men formal shoes black lee cooper men black formal shoes
38240,unisex sunglasses black polaroid unisex sunglasses
44990,women watches silver maxima women silver dial watch
31339,men jeans blue locomotive men washed blue jeans
43513,women dresses orange french connection women orange dress
33690,men casual shoes white cobblerz men white red casual shoes
4153,men sports shoes black nike mens sweet classic black white shoe
46608,women heels silver catwalk women silver heels
15709,men sports shoes green puma men whirlwind classic green sports shoes
59614,women sarees pink fnf pink wedding collection sari
45084,women nightdress silver bwitch silver delight nightdress
51689,men sunglasses blue louis philippe men oversized sunglasses lp226c4
9013,men casual shoes brown decathlon mens arpenaz brown shoe
48902,women pendant silver lucera women silver pendant
53744,women capris grey adidas women grey capris
24424,men sports shoes white adidas men vanquish 5 white sports shoes
6407,men sandals black lotto men cross black floater
47512,men briefs khaki facit men khaki brief
49488,men casual shoes black vans men black helliotrope shoes
31592,men tshirts navy blue mark taylor men printed navy blue tshirt
12710,men sports shoes silver nike men mercurial victory silver sports shoes
3181,men sports shoes grey nike mens lunarelite grey red shoe
17296,men socks white puma men pack of 3 sports socks
59073,women bra skin peri peri women skin bra
28222,men deodorant gold yardley men gold deo
8132,women watches white fastrack women core analog white steel watch
52414,women nightdress black red rose women black red nightdress
57166,women tops lavender elle women lavender top
59498,women necklace and chains silver lucera silver tarika necklace
27675,women handbags brown murcia women brown handbag
35182,women backpacks pink wildcraft women pink backpack
50515,men trunk grey chromozome men grey trunk trunks
24236,women kurtas purple laemotio women purple kurta
54525,men sports shoes grey f sports men grey zero gravity sports shoes
35720,men sandals black force 10 men moser black sandals
55058,women lipstick purple lakme enrich satins lipstick 529
26798,men shirts blue arrow men blue shirt
11328,men jeans blue united colors of benetton men washed blue jeans
28266,men deodorant blue gatsby men blaze deo
38656,women sports shoes grey nike women dual fusion grey sports shoes
17219,men sunglasses brown united colors of benetton men funky eyewear brown sunglasses
47135,women handbags black be for bag women black and white tote bag
6212,women tops brown ucb women photo print lavender top
37626,girls tshirts pink madagascar3 girls pink printed tshirt
46477,women watches steel timex women steel watch
43753,women bangle gold royal diadem set of 2 golden bangles
26559,men casual shoes black lee cooper men black shoes
48384,men jeans blue french connection men blue jeans
11921,men formal shoes brown franco leone men brown leather formal shoes
46448,men watches black timex men black dial watch
30263,men casual shoes olive red tape men olive shoes
2670,women handbags yellow murcia women yellow leatherette hand bag
33244,men shirts blue arrow men blue slim fit shirt
26796,men shirts blue arrow men blue striped shirt
15329,men sweaters white nike men solid white sweaters
12930,men tshirts navy blue classic polo men club navy blue tshirts
44927,men tshirts grey jack jones men grey tshirt
50943,women jeans blue lee womens blue maxi fit jeans
35988,women tshirts black flying machine women cotton black tshirt
55051,women lipstick purple lakme enrich satins lipstick 135
10451,men tshirts blue flying machine men blue polo tshirts
54513,men casual shoes brown f sports men brown rodeo shoes
17674,women flats red catwalk women ballerina red casual shoe
5694,men casual shoes brown skechers mens genesis everstone brown shoe
30600,boys tshirts black nike boys black white reversible tshirt
17022,women flats black rocia women casual black sandal
15775,men briefs white facit men stringz white briefs
3335,unisex caps blue adidas kidsunisex mumbai indians team blue cap
31973,men sports shoes black nike men dual fusion st 2 black sports shoes
45698,women perfume and body mist nan nan
46479,women watches black timex women black watch
20459,women handbags purple baggit women libra jhuti purple handbag
33288,men tshirts charcoal arrow sport men printed charcoal tshirt
32954,men tshirts black angry birds men printed black tshirt
48725,women earrings silver lucera women silver earrings
12997,boys casual shoes brown timberland kids boys casual brown casual shoes
58725,men tshirts navy blue puma men navy blue tshirt
19785,men tshirts red us polo assn men solid red tshirt
5062,men watches black being human men black dial steel plated strap watch
46082,women sports shoes white adidas women white vermont sports shoes
54311,women briefs pink garfield women pink cheeky hipster briefs
42628,women earrings gold estelle women earrings
18234,men tshirts grey manchester united men printed grey tshirt
55801,women nightdress white sdl by sweet dreams women blue nightdress
14290,men tshirts blue classic polo men stripes blue tshirts
9836,women tshirts purple little miss women printed purple tshirt
26194,men deodorant grey formula 1 men performance deo
57755,women face wash and cleanser white lotus herbals whiteglow facial foam
8317,men tshirts blue wildcraft men blue printed tshirt
39723,women dresses green arrow woman aqua green dress
14609,men socks grey united colors of benetton men check grey socks
17423,men watches steel casio enticer men silver analogue watches a221 mtp1247d9avdf
3350,men tshirts blue myntra mens work hard smart navy blue tshirt
27414,women lounge pants navy blue jockey women navy blue lounge pants
41262,men wallets brown arrow men brown wallet
25149,women handbags black lino perros women black handbag
10068,men tshirts white puma men lifestyle graphitti white tshirts
7155,women tops beige scullers for her women fashion summer beige top
48778,women pendant silver lucera women silver pendant with chain
13645,women flats brown carlton london women casual brown sandals
57151,women camisoles peach elle women peach camisole
27689,women handbags brown murcia women brown handbag
9093,women handbags multi murcia women brocade clutch
11911,men sandals black franco leone men casual black sandals
16754,women clutches silver spice art women crystal flower gold clutch
43300,men flip flops yellow united colors of benetton men yellow black flip flop
21774,men belts black fossil men maxim black belt
15125,men trousers grey arrow men autoflex grey trousers
58121,women earrings silver rreverie silver red earrings
36398,men socks grey reid taylor men grey socks
12594,unisex tshirts blue tantra unisex printed blue tshirts
2647,women handbags brown murcia women big office leather brown bag
25772,men suspenders black lino perros men black brown suspenders
52412,women nightdress pink red rose pink nightdress 9005
17644,unisex flip flops green converse unisex casual green slipper
53534,women briefs grey amante women grey seamless briefs pcsn11
17476,women bra purple beyouty women lisa br 10 purple bra
21570,men casual shoes white numero uno men casual white shoes
7597,men sports shoes red nike mens backboard red black shoe
18268,women kurtas green aneri women sunflower green kurta
31729,men blazers blue reid taylor men blue blazer
57399,women briefs burgundy amante women burgundy briefs pgdi03
18633,men tshirts navy blue puma men gp budg logo speed navy blue tshirts
56041,women lipstick brown colorbar coco liscious lipstick 10
16791,men shirts blue highlander men check blue shirt
39118,women leggings black aneri women black leggings
55630,women heels brown catwalk women brown sandals
33046,women kurtas pink mother earth women printed pink kurta
29173,girls skirts green united colors of benetton kids girls printed green skirt
26309,men tshirts coffee brown proline men pack of 3 tshirts
40927,boys jeans blue gini and jony boys comics blue jeans
17816,men sandals brown lee cooper men brown sandal
59694,women briefs black avirate black brief
30298,men tshirts off white myntra men gamer 2 off white tshirt
39127,women leggings pink aneri women dusky pink leggings
26953,women tops pink jealous 21 women pink top
26739,women deodorant silver reebok women reeshine deo
34806,men belts brown flying machine men brown belt
28465,women tshirts magenta urban yoga women printed pink tshirt
13071,men casual shoes black numero uno men black casual shoes
5409,men sports shoes blue quechua arpenaz 200 m
7508,men tshirts white nike mens t90 ss white tshirt
4983,women dresses white palm tree girls blenda white pink kidswear
23842,men sports shoes white adidas men white resp cushion sports shoes
42875,women clutches black french connection women black purse
5052,men casual shoes navy blue fila mens oxidised navy canvas shoe
35918,women handbags black peperone women black handbag
12534,men sweatshirts grey puma men printed grey sweatshirts
10263,men formal shoes black clarks men energise me leather black formal shoes
15986,men shirts yellow turtle check men yellow shirt
28202,men sunglasses black rayban men high street sunglasses
18463,men perfume and body mist white david beckham instinct men perfumes
59098,women bra purple peri peri women purple bra
32595,women tops pink only women pink top
5400,women sports shoes blue kalenji kiprun 1000l bluegrey
23083,men shirts multi arrow sport men multi coloured check shirt
16364,men shirts white peter england men stripes white shirt
5090,men tshirts grey wrangler mens worn across grey melange tshirt
56818,men shirts grey john players men grey shirt
10252,women handbags brown murcia women slb bag brown handbags
20433,women wallets green baggit women era taj green wallet
33024,women kurtas white mother earth women white kurta
49669,men sunglasses white united colors of benetton men sunglass
2246,unisex backpacks black adidas black backpack
5407,women sports shoes beige quechua forclaz 500 l beige cn
12195,men tshirts orange basics men orange striped tshirt
30185,unisex backpacks red nike unisex red backpack
39834,boys tshirts yellow gini and jony boys striped yellow tshirt
19857,men jackets navy blue us polo assn men reversible navy blue jacket
30515,women bra blue lovable women spice blue bra
33390,women wallets pink baggit women goofy jhuti pink wallet
19054,women kurtas green aurelia women printed green kurta
4498,men sports shoes white lotto mens osaka white silver shoe
27931,women shirts white jealous 21 women white shirt
30176,men watches black esprit men black dial watch
3027,women tshirts red lee women fergie orange tshirt
52354,women nightdress yellow red rose women yellow nightdress
44231,men sports shoes blue nike men air max turbulence 18 grey sports shoes
16818,men shirts green locomotive men check green shirt
20310,women tops white jealous 21 women stripes white tops
38324,unisex free gifts blue puma unisex blue backpack
14926,men tshirts green mr men men mr happy dkgreen tshirts
37996,men belts black new hide men black reversible belt
21699,women watches white fossil women white dial watch es2980
21664,men watches black fossil men black dial watch am4360
42560,women kurtas pink mother earth women pink kurta
56194,women highlighter and blush pink colorbar blush new peachy rose blusher 004
48892,women pendant silver lucera women silver pendant
46134,women necklace and chains pink adrika pink necklace
49940,men tshirts navy blue hanes men navy blue tshirt
55523,women foundation and primer skin revlon photo ready makeup shell 003
8290,men tshirts navy blue mrmen mens navy melange tshirt
18527,boys watches blue chhota bheem analog kidsboys blue watch
53875,men flip flops navy blue us polo assn men navy blue flip flops
18371,men innerwear vests red undercolors of benetton men tshirts red innerwear tshirt
9980,men jackets black nike men as sideline j black jackets
45742,women kurtas mustard folklore women yellow kurta
44690,women tops white wills lifestyle women multi coloured top
3016,men tshirts beige lee mens bottle grey tshirt
34974,women stoles multi fabindia women chanderi multi coloured stole
27953,men briefs white jockey spiw men white briefs sp01
36446,men sports shoes black spinn men orbit black sports shoes
7072,unisex backpacks red wildcraft unisex equinox red black backpack
25607,men watches steel fastrack men steel watch
9578,women handbags grey puma women grey jamaica lifestyle handbag
15862,unisex sandals blue warner bros kids unisex sd face sandal blue sandals
38722,women tunics cream global desi women cream tunic
47610,women heels yellow portia women yellow flats
32471,unisex socks black adidas unisex pack of 3 black socks
26243,men shorts grey melange proline grey melange shorts
35492,men formal shoes black bata men black formal shoes
18121,men innerwear vests navy blue crusoe men easy tee navy blue innerwear vest
48235,women sunglasses black united colors of benetton women black sunglasses
6368,men casual shoes black numero uno mens black shoe
39858,boys tshirts yellow gini and jony boys printed yellow tshirt
8662,men sunglasses green fastrack men bikers green sunglasses
39632,men sports shoes red nike men air max courtballistec red sports shoes
39893,men casual shoes brown adidas men brown outback shoes
10373,men tshirts black united colors of benetton men solid black tshirts
24374,women kurtas black folklore women black kurta
13502,men tshirts blue chimp men baloon boy blue tshirts
45981,women tops grey melange tokyo talkies women grey melange printed top
39635,men sports shoes black nike men kukini black sports shoes
58266,women handbags silver baggit women grey handbag
28581,men watches black adidas originals men black dial watch adh2653
57211,women jeggings pink kraus jeans women pink jeggings
5377,unisex sports shoes black btwin road shoes 5
40404,women tops red tonga women red creamcoloured top
37132,men shirts blue wills lifestyle men blue dexter club shirt
47077,women patiala pink shree women pink printed patiala
21034,women flats gold clarks women arizona sands2 gold shoe
59912,women kurtas multi diva women multi coloured kurt
27595,men tshirts purple scullers men purple tshirt
8853,men shirts white mark taylor men white striped shirt
46300,women perfume and body mist white jacques m women perfume
10787,men shirts green wrangler men galway placket label check shirt
27939,women jeans purple jealous 21 women purple magic colour jeans
53873,men sports shoes white puma men white aquil ind sports shoes
31863,men watches blue titan men chronograph blue dial watch
19063,women kurtas off white w women block print off white kurta
8068,men wallets brown fastrack men non leather drak brown wallet
53621,men watches black qq men black watch
54897,women tshirts red do u speak green women red tshirt
49714,men ties blue park avenue men blue tie
46936,men perfume and body mist white york men exo pour homme eau de toilette
6139,unisex sandals black puma unisex winch black green floater
55170,women nail polish maroon lakme absolute fast fabulous crimson scream nail polish 27
27306,men deodorant grey adidas men dynamic pulse deo
26220,women handbags pink hidekraft women leather pink handbag
3442,unisex tshirts blue delhi daredevils kids match jersey
33998,women leggings blue femella women blue leggings
13568,men innerwear vests grey hanes men racer back grey innerwear vests
9523,unisex backpacks blue adidas unisex bess bp blue backpacks
15801,men briefs blue facit men mid rise bf blue briefs
47022,women kurtas maroon shree women maroon kurta
10577,women tshirts black puma womens ess black polo tshirts
8865,men shirts purple mark taylor men purple striped shirt
12449,unisex shoe accessories brown timberland unisex brown shoe accessories
19293,women watches white guess women rosette white watch
9386,women casual shoes black nike women black shoes
11862,men flip flops blue playboy men red blue flip flops
44852,men tshirts grey melange puma men grey melange ferrari tshirt
45177,men watches black casio enticer men black dial analogue watch a590
2705,girls dresses blue disney kids girls blue pooh blouse kidswear
27355,women tshirts green tantra women circles green tshirt
17998,men tshirts red puma men graphic tee red tshirt
8207,men tshirts red locomotive men solid langworth red tshirts
28587,men wallets brown peter england men leather brown wallet
33336,men formal shoes black homme men black formal shoes
34113,girls dresses pink doodle girls printed pink dress
38940,boys shorts blue palm tree boys blue shorts
12617,men casual shoes brown red tape men casual brown casual shoes
15897,unisex flip flops green warner bros kids unisex sd wave flop green slippers
27955,men briefs green jockey sport performance men green brief sp02
13952,women tops white united colors of benetton women stripes white tops
5982,men shirts blue locomotive men blue checked shirt
57013,women heels black hm women black heels
36440,men sports shoes black spinn men cubic black sports shoes
46737,men watches silver timex men silver dial watch
24343,men tshirts white adidas men white printed tshirt
6152,men casual shoes white adidas mens porsche design white shoe
59145,women heels brown tiptopp women brown sandals
46991,women kurtas green shree women green maroon embroidered kurta
7870,men tshirts purple proline men purple polo tshirt
36478,men casual shoes grey spinn men agile grey shoes
15255,women casual shoes white adidas originals women superstar 2 white casual shoes
14387,women heels beige catwalk women casual beige flats
25898,women leggings brown femella women dark brown skinny leggings
28119,men briefs brown jockey mc men pack of two brown briefs 8003
12604,women tops purple jealous 21 women printed purple tops
24530,women kurtas blue mother earth women blue kurta
46712,men perfume and body mist brown rasasi men confidence perfume
29022,men tshirts white adidas men aess crew white tshirt
59167,men formal shoes brown fortune men brown formal shoes
3862,men tshirts orange wrangler mens authentic embro orange tshirt
45960,women tshirts red tokyo talkies women red tshirt
46947,women perfume and body mist purple york women veronica perfume
50822,men wallets brown new hide men brown wallet
25075,men accessory gift set maroon lino perros men formal maroon accessory gift set
4627,men sports shoes white adidas mens boat low lime shoe
9597,men shirts blue scullers men scul blue shirts
19827,men shirts red us polo assn men check red shirt
27519,women flats black catwalk women black flats
53498,women bra peach amante peachcoloured tshirt bra bfcv22
8017,men tshirts white fila mens round neck black white tshirt
33589,men tshirts green wrangler men urban folk polo green tshirt
9555,men tshirts blue nike men asem cricket crazy blue tshirts
17516,women sweaters magenta jealous 21 women solid magenta sweater
26635,men casual shoes black puma men future cat black casual shoes
37581,girls shorts green madagascar 3 girls light green shorts
20360,men tshirts blue spykar men stripes blue tshirt
6387,men sports shoes navy blue puma mens trim mesh navy white shoe
27145,women bra white misst white bra
12659,men shirts white probase men stripes white shirts
4689,unisex backpacks black adidas crbts 3s insp black silver unisex backpack
15488,women flats tan carlton london women tan brown boots
47000,women kurtas pink shree women pink printed kurta
54625,men watches black fastrack men black dial watch
3467,women casual shoes white adidas women adi slide white silver shoe
40473,men sports shoes black fila men black supercharger sports shoes
44443,men sandals black gliders men black brown volant sandals
52348,women nightdress blue red rose women blue nightdress
15649,women tops grey nike women trainng grey tops
4810,men tshirts white adidas mens star polo white polo tshirt
39448,women kurtas mustard diva women mustard kurta
4013,unisex basketballs brown spalding 177z nba school brown basketball
5797,men tshirts blue adidas mens bam blue tshirt
4477,women sports shoes white puma women exsis white silver black shoe
31846,men watches black titan men black dial watch
43802,women earrings gold royal diadem green earrings
6786,men jackets black timberland men falmouth cycling jac black jacket
25021,men sweatshirts grey nike men poly fleece grey sweatshirt
57065,women tops grey elle women grey vintage top
41332,women dupatta green aurelia women green dupatta
31283,men tshirts black puma men faas black tshirt
37722,men shirts grey john players men grey striped shirt
45108,men watches black casio enticer men black printed dial watch a020 mq76l7a1ul
33188,women tops purple sepia women purple top
5907,men tshirts black puma mens massa lifestyle black tshirt
32257,women tops beige fabindia women printed beige ghicha silk wrap top
56376,men perfume and body mist brown dunhill men 100 ml perfume
43496,men tshirts navy blue french connection men navy blue tshirt
49990,men socks white hanes men pack of 3 white cushion max crew socks
5560,men jackets green reebok men sport revesable black green jacket
45795,women heels black senorita women black sandals
51395,men shorts yellow myntra men yellow check shorts
17580,men trousers navy blue mark taylor men solid navy blue trouser
39821,men sandals black red tape men black sandals
52346,women nightdress peach red rose peach nightdress
25214,women handbags pink lino perros women leatherette pink handbag
11426,men shirts blue united colors of benetton men light blue shirts
16603,women shirts black scullers women check black shirt
43633,women dresses red vero moda women coral coloured dress
27376,men tshirts mustard tantra men jimmo mustard tshirt
34761,women handbags blue be for bag women blue tote bag
26062,men shirts blue john miller men striped blue shirt
12065,women kurtas navy blue w women printed navy blue kurtas
54489,women handbags orange lino perros women orange sling bag
49938,men innerwear vests black hanes men black innerwear vest
52128,girls dresses blue doodle girls blue washed dress
50481,men briefs navy blue chromozome men navy blue briefs
30100,men jeans blue flying machine men washed blue jeans
31442,men tshirts grey nike men cricket grey jersey
20530,women wallets brown baggit women brown wallet
12861,men formal shoes black lee cooper men formal black shoes
4079,men tshirts red inkfruit mens operation holocaust red tshirt
49755,men ties blue parx men blue tie
26892,women tops pink jealous 21 women pink top
58071,women earrings silver rreverie silver white earrings
38955,boys tshirts green palm tree boys printed green tshirt
56116,women lip gloss pink colorbar pink velvet lip pot 600
7291,men tshirts brown mickey mens donald salute star brown tshirt
24360,women kurtas black folklore women black printed kurta
22407,men shirts white mark taylor men striped white shirt
15840,women kurtas yellow visudh mustard printed ethnic kurta
14368,women heels black catwalk women casual black flats
5363,unisex sports shoes white btwin six mtb shoes 2009
5151,women tshirts white wrangler womens braided shoulder white tshirt
24393,women kurtas red folklore women red printed kurta
15878,unisex flip flops yellow warner bros kids unisex tj big face yellow slippers
48484,women dresses blue french connection women blue dress
45995,women sarees cream fabindia creamcoloured blue hand printed saree
12098,women kurtas beige w women printed beige kurtas
38397,men tshirts blue adidas mumbai indians men blue fan tshirt
46946,women perfume and body mist pink york women betty perfume
23519,men watches black adidas originals men black dial watch adh9015
49502,men casual shoes brown vans men brown 106 moc ca lns shoes
49166,women nail polish charcoal deborah 7 days long nail polish 00
25488,men casual shoes black nike men backboard black casual shoes
29245,men tshirts red adidas men chicago bulls nba red jersey
12038,men shirts white mark taylor men solid white shirts
14304,men shirts white spykar men solid white shirts
11020,women tshirts pink wrangler women pink freedom spirit tshirt
18991,men tshirts black adidas originals men grinball black tshirt
44010,men perfume and body mist black police men pure perfume
32858,women heels beige grendha women beige flats
6310,unisex flip flops black puma unisex issac black yellow flip flop
30961,women kurtis black fabindia women black chanderi tunic
15028,women sweatshirts navy blue adidas women printed navy blue sweatshirts
3665,men sports shoes white fila mens intercept white silver shoe
6125,unisex backpacks black puma unisex foundation black red bagpack
10101,men sports shoes black reebok men island explorer black sports shoes
25020,men sweatshirts black nike men poly fleece black sweatshirt
57256,women handbags pink murcia women pink handbag
59755,women briefs black avirate black brief
34993,women sarees olive fabindia women h printed olive green sari
9500,men shirts black john miller men white grey check black shirts
15677,men trousers beige highlander men classic chinos beige trousers
11481,women tops green united colors of benetton women light winter green tops
4476,men sports shoes white puma mens ikonis white black red shoe
40011,men sunglasses brown park avenue men brown frame sunglasses
28167,men sunglasses gold rayban men aviator gold sunglasses
58680,women kurtas pink alayna women pink kurta
15019,men sweatshirts black adidas men printed black sweatshirts
15684,men trousers brown highlander men classic chinos brown trousers
4485,women sports shoes black puma women soleil black shoe
27580,men tshirts purple scullers men striped purple tshirt
40640,women kurtas olive span women olive green kurta
45100,women bra pink bwtch pink rose alba bra
11958,men casual shoes black ganuchi men casual black casual shoes
34223,men tshirts beige proline men beige tshirt
18674,men sports shoes white fila men sterling white sports shoes
8795,men shirts red scullers men red shirt
16970,men sandals grey puma men coupe grey sandal
19752,men tshirts navy blue levis men solid navy blue tshirt
22173,men casual shoes brown timberland men dark brown casual shoes
43978,women perfume and body mist brown dkny women brown delicious perfume
46052,women earrings gold estelle gold earrings
16180,men formal shoes brown enroute men leather brown formal shoes
28644,women tshirts purple nike women striped polo purple tshirt
24089,men sweatshirts navy blue manchester united men navy blue sweatshirt
40960,boys tshirts white gini and jony boys around the world white tshirt
29134,women sunglasses black vogue women black sunglasses
26181,women flats silver rocia women silver casual sandals
11703,men shirts blue lee men check shirt
3989,men tshirts maroon mrmen mens surfer chilly pepper maroon tshirt
2255,men track pants brown adidas men brown track pant
19338,men jackets black united colors of benetton men solid black jacket
31794,women tshirts navy blue lee women navy blue beach tshirt
53314,men tshirts grey melange locomotive men grey melange tshirt
26175,women flats black rocia women black casual sandals
7185,women jeans blue jealous 21 women supper skinny zipped ankle light blue jeans
25951,women scarves black femella women printed black cream scarf
46893,men jeans blue locomotive men blue jeans
48551,men belts brown wrangler men brown belt
17407,men socks brown reid taylor men brown socks
3710,men belts navy blue lee men navy blue canvas belt
51444,women shirts blue myntra women light blue shirt
46407,men tshirts red adidas men red tshirt
19931,men accessory gift set maroon reid taylor men formal maroon tiecufflinkpocket square combo pack
7512,women tshirts black nike womens black polo tshirt
57575,women lipstick gold lotus herbals pure colours copper gold lipstick 661
49817,women flip flops brown ipanema women brown flip flops
59616,women sarees purple fnf purple wedding collection sari
51883,women wallets green nyk women green wallet
39753,boys trousers khaki gini jony boys khaki trousers
26589,men sports shoes black puma men powercat black sports shoes
59219,unisex watches white titan set of 2 his her white dial watches nb19572957sm01
10676,women tops red doodle girl bubbles red tops
37054,women belts purple lino perros women purple belt
51622,women watches white fossil women white dial watch es3062
19991,men tshirts black united colors of benetton men printed black tshirt
15552,women socks white fila women pack of 3 white socks
13235,men tshirts blue palm tree kids boys stripes blue tshirts
6458,unisex casual shoes blue lotto unisex canvas white blue shoe
34074,women flats silver clarks women arizona heat leather silver shoes
6003,men shirts blue highlander men blue white plaid checked shirt
59673,women lehenga choli red fnf red bridal collection lehenga choli
33869,men watches steel citizen men sliver dial chronograph watch
9841,men tshirts white spykar men white polo tshirts
42660,women kurtas white alma women white kurta
10475,men shirts brown flying machine men fs solid brown shirts
54537,men sports shoes white f sports men white deen sports shoes
28287,men sunglasses black fastrack men black sunglasses
14489,men casual shoes blue flying machine men casual blue casual shoes
6456,men sports shoes white lotto mens basketball white red shoe
55086,women eye cream cream ponds flawless white under eye cream
14613,men socks black united colors of benetton men pack of 2 black socks
8332,boys tshirts white doodle boys car print white red blue kidswear
10278,men casual shoes brown clarks men nature easy mahogany leather brown casual shoes
39396,men tshirts green peter england men polo neck green tshirt
9648,men shirts maroon indigo nation men mar maroon shirts
54302,women bra pink garfield women pink red bra
56455,women nail polish bronze streetwear snazzy nail polish 15
34683,boys tshirts red allen solly kids boys red tshirt
24411,men sports shoes black adidas men tc clima mid black sports shoes
33660,men sandals black lotto men sting ii black sandals
30812,women leggings maroon fabindia women maroon leggings
35138,women bracelet black allen solly woman black bangle
2865,men tshirts blue inkfruit mens men in blue white tshirt
27409,women lounge shorts navy blue jockey women navy blue capris
10885,men tshirts teal wrangler men glow in dark teal tshirt
28025,men briefs black jockey elance men black elance brief 1005
31108,boys tshirts white palm tree boys printed white tshirt
28819,men shirts green denizen men check green shirt
18482,men casual shoes white puma men future cat white casual shoes
11350,men jeans blue lee men msyria blue chicago fit jeans
3182,men sports shoes black nike mens lunarelite black green shoe
40196,women kurtis green mumbai slang women light green kurti
28810,men shirts blue denizen men check blue shirt
17850,women tops grey flying machine women sequins grey top
27893,women shirts blue scullers for her check blue shirt
28645,women tshirts black nike women bleach black tshirt
50303,men ties red park avenue men red tie
8935,men wallets grey puma men big cat grey wallet
47172,men sandals black ganuchi men black sandals
26946,women tshirts magenta jealous 21 women printed plum tshirt
2800,men casual shoes brown id mens casual strapped leather brown shoe
47589,women heels maroon portia women maroon sandals
10814,men shirts purple wrangler men easter bright amslar purple shirt
43740,women bangle gold royal diadem set of 4 golden bangles
50165,women heels black rocia women black wedges
22545,women heels gold catwalk women gold heels
12586,unisex tshirts pink tantra unisex printed pink tshirts
52064,men tshirts blue myntra men blue tshirt
54155,women necklace and chains silver femella silver disc and balls necklace
48532,men flip flops black calvin klein men black flip flops
38221,unisex sunglasses black polaroid unisex sunglasses
8357,boys tshirts green doodle boys end is just begining green kidswear
22925,unisex watches black fastrack unisex black dial watch 9912pp05
38483,women belts white baggit women white belt
4551,men sports shoes black nike mens tlite 9 leat black shoe
29962,men sunglasses black cat men sheet sunglasses
44596,men belts grey van heusen men grey and brown reversible belt
45212,women watches white casio enticer women white dial watch a667
16121,men belts black turtle men black belt
55074,women kajal and eyeliner sea green lakme glide on aqua green eye color
27202,men shirts red doodle kids boy check red shirt
32947,men casual shoes navy blue adidas neo men rugged sail navy blue shoes
36977,women clutches black lino perros women black clutch
15766,men innerwear vests charcoal facit men smart charcoal innerwear vest
34081,men casual shoes brown clarks men brown nature three mahogany leather casual shoes
3570,men casual shoes black adidas mens natural brown shoe
44766,men casual shoes black globalite men black grey eclipse shoes
36346,men free gifts maroon reid taylor men maroon checked tie
46203,women bangle black adrika women black bangle
7772,unisex sandals navy blue converse unisex as chucks navy floater
57947,men casual shoes black clarks men black shoes
6208,men tshirts green lee mens hand green tshirt
30284,men sunglasses brown speedo men sheet sunglasses
31190,men accessory gift set brown cabarelli men accessory gift set
6653,men casual shoes white nike mens air force white orange shoe
